Fund Holdings as of,"Sep 30, 2026"
 
Ticker,Name,Sector,Asset Class,Market Value,Weight (%),Notional Value,Shares,Price,Location,Exchange,Currency,FX Rate,Market Currency
"RY","ROYAL BANK OF CANADA","Financials","Equity","2,230,602,511.30","9.64","2,230,602,511.30","7,968,145.00","279.94","Canada","Toronto Stock Exchange","CAD","1.00","CAD"
"TD","TORONTO DOMINION","Financials","Equity","1,581,595,797.48","6.84","1,581,595,797.48","9,451,956.00","167.33","Canada","Toronto Stock Exchange","CAD","1.00","CAD"
"SHOP","SHOPIFY SUBORDINATE VOTING CLASS A","Information Technology","Equity","1,465,029,017.08","6.33","1,465,029,017.08","6,945,899.00","210.92","Canada","Toronto Stock Exchange","CAD","1.00","CAD"
"BMO","BANK OF MONTREAL","Financials","Equity","957,803,311.27","4.14","957,803,311.27","4,024,891.00","237.97","Canada","Toronto Stock Exchange","CAD","1.00","CAD"
"BNS","BANK OF NOVA SCOTIA","Financials","Equity","906,380,263.63","3.92","906,380,263.63","7,003,943.00","129.41","Canada","Toronto Stock Exchange","CAD","1.00","CAD"
"ENB","ENBRIDGE","Energy","Equity","845,022,921.75","3.65","845,022,921.75","12,774,345.00","66.15","Canada","Toronto Stock Exchange","CAD","1.00","CAD"
"CM","CANADIAN IMPERIAL BANK OF COMMERCE","Financials","Equity","822,138,342.83","3.55","822,138,342.83","5,245,571.00","156.73","Canada","Toronto Stock Exchange","CAD","1.00","CAD"
"CNQ","CANADIAN NATURAL RESOURCES LTD","Energy","Equity","793,223,772.99","3.43","793,223,772.99","11,851,543.00","66.93","Canada","Toronto Stock Exchange","CAD","1.00","CAD"
"AEM","AGNICO EAGLE MINES","Materials","Equity","759,100,176.40","3.28","759,100,176.40","2,912,894.00","260.60","Canada","Toronto Stock Exchange","CAD","1.00","CAD"
"SU","SUNCOR ENERGY INC","Energy","Equity","648,605,739.50","2.80","648,605,739.50","6,721,303.00","96.50","Canada","Toronto Stock Exchange","CAD","1.00","CAD"
"BN","BROOKFIELD CLASS A","Financials","Equity","637,790,056.64","2.76","637,790,056.64","12,284,092.00","51.92","Canada","Toronto Stock Exchange","CAD","1.00","CAD"
"CP","CANADIAN PACIFIC KANSAS CITY","Industrials","Equity","611,765,362.80","2.64","611,765,362.80","5,047,569.00","121.20","Canada","Toronto Stock Exchange","CAD","1.00","CAD"
"MFC","MANULIFE FINANCIAL","Financials","Equity","579,119,276.80","2.50","579,119,276.80","9,550,120.00","60.64","Canada","Toronto Stock Exchange","CAD","1.00","CAD"
"ABX","BARRICK MINING","Materials","Equity","547,337,411.37","2.37","547,337,411.37","9,458,051.00","57.87","Canada","Toronto Stock Exchange","CAD","1.00","CAD"
"CNR","CANADIAN NATIONAL RAILWAY","Industrials","Equity","535,142,731.20","2.31","535,142,731.20","3,159,048.00","169.40","Canada","Toronto Stock Exchange","CAD","1.00","CAD"
"WPM","WHEATON PRECIOUS METALS","Materials","Equity","495,982,987.50","2.14","495,982,987.50","2,609,750.00","190.05","Canada","Toronto Stock Exchange","CAD","1.00","CAD"
"TRP","TC ENERGY","Energy","Equity","493,338,796.72","2.13","493,338,796.72","5,987,848.00","82.39","Canada","Toronto Stock Exchange","CAD","1.00","CAD"
"NA","NATIONAL BANK OF CANADA","Financials","Equity","448,017,194.46","1.94","448,017,194.46","2,205,786.00","203.11","Canada","Toronto Stock Exchange","CAD","1.00","CAD"
"FNV","FRANCO NEVADA","Materials","Equity","375,492,378.80","1.62","375,492,378.80","1,108,301.00","338.80","Canada","Toronto Stock Exchange","CAD","1.00","CAD"
"CLS","CELESTICA","Information Technology","Equity","373,139,979.30","1.61","373,139,979.30","724,614.00","514.95","Canada","Toronto Stock Exchange","CAD","1.00","CAD"
"SLF","SUN LIFE FINANCIAL INC","Financials","Equity","355,243,262.16","1.54","355,243,262.16","3,202,698.00","110.92","Canada","Toronto Stock Exchange","CAD","1.00","CAD"
"CSU","CONSTELLATION SOFTWARE","Information Technology","Equity","352,355,219.79","1.52","352,355,219.79","121,723.00","2,894.73","Canada","Toronto Stock Exchange","CAD","1.00","CAD"
"CVE","CENOVUS ENERGY","Energy","Equity","333,819,600.24","1.44","333,819,600.24","7,545,651.00","44.24","Canada","Toronto Stock Exchange","CAD","1.00","CAD"
"ATD","ALIMENTATION COUCHE TARD INC","Consumer Staples","Equity","331,161,961.41","1.43","331,161,961.41","4,273,609.00","77.49","Canada","Toronto Stock Exchange","CAD","1.00","CAD"
"WCN","WASTE CONNECTIONS","Industrials","Equity","316,695,037.44","1.37","316,695,037.44","1,445,568.00","219.08","United States","Toronto Stock Exchange","CAD","1.00","CAD"
"CCO","CAMECO","Energy","Equity","308,786,950.78","1.33","308,786,950.78","2,502,731.00","123.38","Canada","Toronto Stock Exchange","CAD","1.00","CAD"
"DOL","DOLLARAMA","Consumer Discretionary","Equity","284,913,144.00","1.23","284,913,144.00","1,548,441.00","184.00","Canada","Toronto Stock Exchange","CAD","1.00","CAD"
"NTR","NUTRIEN LTD","Materials","Equity","274,716,171.34","1.19","274,716,171.34","2,748,811.00","99.94","Canada","Toronto Stock Exchange","CAD","1.00","CAD"
"POW","POWER CORPORATION OF CANADA","Financials","Equity","269,694,138.09","1.17","269,694,138.09","2,995,603.00","90.03","Canada","Toronto Stock Exchange","CAD","1.00","CAD"
"TECK.B","TECK RESOURCES SUBORDINATE VOTING","Materials","Equity","260,054,417.80","1.12","260,054,417.80","2,775,394.00","93.70","Canada","Toronto Stock Exchange","CAD","1.00","CAD"
"IFC","INTACT FINANCIAL CORP","Financials","Equity","248,917,425.12","1.08","248,917,425.12","1,012,518.00","245.84","Canada","Toronto Stock Exchange","CAD","1.00","CAD"
"FFH","FAIRFAX FINANCIAL HOLDINGS SUB VOT","Financials","Equity","244,868,832.88","1.06","244,868,832.88","110,348.00","2,219.06","Canada","Toronto Stock Exchange","CAD","1.00","CAD"
"K","KINROSS GOLD","Materials","Equity","233,868,924.80","1.01","233,868,924.80","6,818,336.00","34.30","Canada","Toronto Stock Exchange","CAD","1.00","CAD"
"FTS","FORTIS","Utilities","Equity","220,672,058.80","0.95","220,672,058.80","2,935,640.00","75.17","Canada","Toronto Stock Exchange","CAD","1.00","CAD"
"PPL","PEMBINA PIPELINE","Energy","Equity","212,290,259.75","0.92","212,290,259.75","3,341,575.00","63.53","Canada","Toronto Stock Exchange","CAD","1.00","CAD"
"QSR","RESTAURANTS BRANDS INTERNATIONAL","Consumer Discretionary","Equity","203,218,205.19","0.88","203,218,205.19","2,006,697.00","101.27","Canada","Toronto Stock Exchange","CAD","1.00","CAD"
"L","LOBLAW COMPANIES LTD","Consumer Staples","Equity","194,305,398.20","0.84","194,305,398.20","3,123,881.00","62.20","Canada","Toronto Stock Exchange","CAD","1.00","CAD"
"BCE","BCE INC","Communication","Equity","155,297,624.92","0.67","155,297,624.92","5,360,636.00","28.97","Canada","Toronto Stock Exchange","CAD","1.00","CAD"
"IMO","IMPERIAL OIL LTD","Energy","Equity","150,797,150.00","0.65","150,797,150.00","861,698.00","175.00","Canada","Toronto Stock Exchange","CAD","1.00","CAD"
"FM","FIRST QUANTUM MINERALS","Materials","Equity","148,466,319.69","0.64","148,466,319.69","3,883,503.00","38.23","Canada","Toronto Stock Exchange","CAD","1.00","CAD"
 